ticker,original
NVDA,NasdaqGS:NVDA
MSFT,NasdaqGS:MSFT
AAPL,NasdaqGS:AAPL
GOOGL,NasdaqGS:GOOGL
AMZN,NasdaqGS:AMZN
VTI,ARCA:VTI
VOO,ARCA:VOO
META,NasdaqGS:META
AVGO,NasdaqGS:AVGO
TSLA,NasdaqGS:TSLA
BRK.A,NYSE:BRK.A
JPM,NYSE:JPM
WMT,NYSE:WMT
ORCL,NYSE:ORCL
LLY,NYSE:LLY
IVV,ARCA:IVV
SPY,ARCA:SPY
V,NYSE:V
MA,NYSE:MA
NFLX,NasdaqGS:NFLX
XOM,NYSE:XOM
JNJ,NYSE:JNJ
ABBV,NYSE:ABBV
PLTR,NasdaqGS:PLTR
COST,NasdaqGS:COST
HD,NYSE:HD
QQQ,NasdaqGM:QQQ
BAC,NYSE:BAC
PG,NYSE:PG
VUG,ARCA:VUG
UNH,NYSE:UNH
GE,NYSE:GE
CVX,NYSE:CVX
VO,ARCA:VO
KO,NYSE:KO
IBM,NYSE:IBM
CSCO,NasdaqGS:CSCO
AMD,NasdaqGS:AMD
TMUS,NasdaqGS:TMUS
WFC,NYSE:WFC
MS,NYSE:MS
GS,NYSE:GS
PM,NYSE:PM
ABT,NYSE:ABT
CAT,NYSE:CAT
APP,NasdaqGS:APP
AXP,NYSE:AXP
CRM,NYSE:CRM
RTX,NYSE:RTX
MRK,NYSE:MRK
LIN,NasdaqGS:LIN
MCD,NYSE:MCD
MU,NasdaqGS:MU
SHOP,NasdaqGS:SHOP
VTV,ARCA:VTV
RY.TO,TSX:RY
TMO,NYSE:TMO
DIS,NYSE:DIS
UBER,NYSE:UBER
PEP,NasdaqGS:PEP
T,NYSE:T
INTU,NasdaqGS:INTU
NOW,NYSE:NOW
VZ,NYSE:VZ
LRCX,NasdaqGS:LRCX
ANET,NYSE:ANET
VEA,ARCA:VEA
QCOM,NasdaqGS:QCOM
C,NYSE:C
BLK,NYSE:BLK
BKNG,NasdaqGS:BKNG
AMAT,NasdaqGS:AMAT
INTC,NasdaqGS:INTC
SCHW,NYSE:SCHW
VB,ARCA:VB
NEE,NYSE:NEE
TXN,NasdaqGS:TXN
BA,NYSE:BA
ISRG,NasdaqGS:ISRG
GEV,NYSE:GEV
AMGN,NasdaqGS:AMGN
IEFA,BATS:IEFA
TJX,NYSE:TJX
PFE,NYSE:PFE
DHR,NYSE:DHR
ACN,NYSE:ACN
APH,NYSE:APH
SPGI,NYSE:SPGI
ETN,NYSE:ETN
ADBE,NasdaqGS:ADBE
KLAC,NasdaqGS:KLAC
BSX,NYSE:BSX
PGR,NYSE:PGR
SYK,NYSE:SYK
UNP,NYSE:UNP
SPOT,NYSE:SPOT
GILD,NasdaqGS:GILD
BND,NasdaqGM:BND
TD.TO,TSX:TD
PANW,NasdaqGS:PANW
LOW,NYSE:LOW
COF,NYSE:COF
VWO,ARCA:VWO
HON,NasdaqGS:HON
HOOD,NasdaqGS:HOOD
AGG,ARCA:AGG
BX,NYSE:BX
MDT,NYSE:MDT
DE,NYSE:DE
CRWD,NasdaqGS:CRWD
IWF,ARCA:IWF
GLD,ARCA:GLD
ADI,NasdaqGS:ADI
ADP,NasdaqGS:ADP
LMT,NYSE:LMT
COP,NYSE:COP
WELL,NYSE:WELL
VXF,ARCA:VXF
DASH,NasdaqGS:DASH
CMCSA,NasdaqGS:CMCSA
KKR,NYSE:KKR
CB,NYSE:CB
CEG,NasdaqGS:CEG
IEMG,ARCA:IEMG
VGT,ARCA:VGT
MO,NYSE:MO
MELI,NasdaqGS:MELI
ENB.TO,TSX:ENB
PLD,NYSE:PLD
VXUS,NasdaqGM:VXUS
NKE,NYSE:NKE
BN.TO,TSX:BN
SCCO,NYSE:SCCO
SO,NYSE:SO
VRTX,NasdaqGS:VRTX
MSTR,NasdaqGS:MSTR
IJH,ARCA:IJH
HCA,NYSE:HCA
MMC,NYSE:MMC
VIG,ARCA:VIG
CVS,NYSE:CVS
SBUX,NasdaqGS:SBUX
COIN,NasdaqGS:COIN
PH,NYSE:PH
DUK,NYSE:DUK
CME,NasdaqGS:CME
NEM,NYSE:NEM
IBIT,NasdaqGM:IBIT
CDNS,NasdaqGS:CDNS
TT,NYSE:TT
DELL,NYSE:DELL
BAM.TO,TSX:BAM
ICE,NYSE:ICE
BMY,NYSE:BMY
BMO.TO,TSX:BMO
GD,NYSE:GD
MCK,NYSE:MCK
XLK,ARCA:XLK
AMT,NYSE:AMT
ORLY,NasdaqGS:ORLY
WM,NYSE:WM
SPLG,ARCA:SPLG
NOC,NYSE:NOC
SNPS,NasdaqGS:SNPS
MCO,NYSE:MCO
IJR,ARCA:IJR
SHW,NYSE:SHW
RCL,NYSE:RCL
AEM,NYSE:AEM
RBLX,NYSE:RBLX
MMM,NYSE:MMM
CI,NYSE:CI
CTAS,NasdaqGS:CTAS
MDLZ,NasdaqGS:MDLZ
BNS.TO,TSX:BNS
CRH,NYSE:CRH
SNOW,NYSE:SNOW
AJG,NYSE:AJG
ELV,NYSE:ELV
WMB,NYSE:WMB
ECL,NYSE:ECL
AON,NYSE:AON
ITOT,ARCA:ITOT
PNC,NYSE:PNC
HWM,NYSE:HWM
EQIX,NasdaqGS:EQIX
EMR,NYSE:EMR
ITW,NYSE:ITW
CM.TO,TSX:CM
NET,NYSE:NET
MSI,NYSE:MSI
BK,NYSE:BK
USB,NYSE:USB
RSP,ARCA:RSP
MRVL,NasdaqGS:MRVL
NU,NYSE:NU
ABNB,NasdaqGS:ABNB
UPS,NYSE:UPS
MAR,NasdaqGS:MAR
TDG,NYSE:TDG
APO,NYSE:APO
SCHD,ARCA:SCHD
GLW,NYSE:GLW
CP.TO,TSX:CP
IWM,ARCA:IWM
JCI,NYSE:JCI
FNMA,OTCPK:FNMA
BNDX,NasdaqGM:BNDX
AZO,NYSE:AZO
RSG,NYSE:RSG
CRWV,NasdaqGS:CRWV
VEU,ARCA:VEU
FI,NYSE:FI
TRI.TO,TSX:TRI
EFA,ARCA:EFA
VST,NYSE:VST
ADSK,NasdaqGS:ADSK
NSC,NYSE:NSC
CSX,NasdaqGS:CSX
CNQ.TO,TSX:CNQ
VNQ,ARCA:VNQ
VV,ARCA:VV
VYM,ARCA:VYM
PYPL,NasdaqGS:PYPL
IVW,ARCA:IVW
FTNT,NasdaqGS:FTNT
MNST,NasdaqGS:MNST
TEL,NYSE:TEL
ZTS,NYSE:ZTS
IWD,ARCA:IWD
TRV,NYSE:TRV
QQQM,NasdaqGM:QQQM
KMI,NYSE:KMI
WDAY,NasdaqGS:WDAY
URI,NYSE:URI
CL,NYSE:CL
PWR,NYSE:PWR
REGN,NasdaqGS:REGN
SCHX,ARCA:SCHX
CSU.TO,TSX:CSU
VRT,NYSE:VRT
AEP,NasdaqGS:AEP
HLT,NYSE:HLT
EOG,NYSE:EOG
SPG,NYSE:SPG
APD,NYSE:APD
VBR,ARCA:VBR
CNR.TO,TSX:CNR
DLR,NYSE:DLR
IAU,ARCA:IAU
AFL,NYSE:AFL
ALNY,NasdaqGS:ALNY
SRE,NYSE:SRE
CMI,NYSE:CMI
CPNG,NYSE:CPNG
MPC,NYSE:MPC
COR,NYSE:COR
TFC,NYSE:TFC
ABX.TO,TSX:ABX
FDX,NYSE:FDX
NXPI,NasdaqGS:NXPI
TRP.TO,TSX:TRP
GM,NYSE:GM
FCX,NYSE:FCX
VCIT,NasdaqGM:VCIT
AXON,NasdaqGS:AXON
CMG,NYSE:CMG
LHX,NYSE:LHX
VT,ARCA:VT
ALL,NYSE:ALL
BDX,NYSE:BDX
O,NYSE:O
FAST,NasdaqGS:FAST
MET,NYSE:MET
MFC.TO,TSX:MFC
ROP,NasdaqGS:ROP
STX,NasdaqGS:STX
XLF,ARCA:XLF
PSX,NYSE:PSX
QUAL,BATS:QUAL
DDOG,NasdaqGS:DDOG
SCHF,ARCA:SCHF
D,NYSE:D
DHI,NYSE:DHI
CVNA,NYSE:CVNA
PCAR,NasdaqGS:PCAR
PSA,NYSE:PSA
SGOV,ARCA:SGOV
SLB,NYSE:SLB
SCHG,ARCA:SCHG
LNG,NYSE:LNG
IXUS,NasdaqGM:IXUS
CARR,NYSE:CARR
IDXX,NasdaqGS:IDXX
ATD.TO,TSX:ATD
F,NYSE:F
NDAQ,NasdaqGS:NDAQ
SU.TO,TSX:SU
RKT,NYSE:RKT
EA,NasdaqGS:EA
VLO,NYSE:VLO
WPM.TO,TSX:WPM
ROST,NasdaqGS:ROST
GRMN,NYSE:GRMN
TLT,NasdaqGM:TLT
VEEV,NYSE:VEEV
ZS,NasdaqGS:ZS
BKR,NasdaqGS:BKR
TTWO,NasdaqGS:TTWO
XEL,NasdaqGS:XEL
XYZ,NYSE:XYZ
WBD,NasdaqGS:WBD
L.TO,TSX:L
AMP,NYSE:AMP
OKE,NYSE:OKE
EXC,NasdaqGS:EXC
IMO.TO,TSX:IMO
CBRE,NYSE:CBRE
GWW,NYSE:GWW
WDC,NasdaqGS:WDC
FERG,NYSE:FERG
IWR,ARCA:IWR
EW,NYSE:EW
FLUT,NYSE:FLUT
AIG,NYSE:AIG
PAYX,NasdaqGS:PAYX
WCN,NYSE:WCN
FICO,NYSE:FICO
OXY,NYSE:OXY
MPWR,NasdaqGS:MPWR
KR,NYSE:KR
IWB,ARCA:IWB
CPRT,NasdaqGS:CPRT
SPYG,ARCA:SPYG
MSCI,NYSE:MSCI
CTVA,NYSE:CTVA
FANG,NasdaqGS:FANG
ETR,NYSE:ETR
NA.TO,TSX:NA
FNV.TO,TSX:FNV
AME,NYSE:AME
FFH.TO,TSX:FFH
EBAY,NasdaqGS:EBAY
BIL,ARCA:BIL
IVE,ARCA:IVE
YUM,NYSE:YUM
MBB,NasdaqGM:MBB
CCI,NYSE:CCI
JEPI,ARCA:JEPI
PEG,NYSE:PEG
KMB,NasdaqGS:KMB
RMD,NYSE:RMD
TGT,NYSE:TGT
VBK,ARCA:VBK
VMC,NYSE:VMC
A,NYSE:A
UI,NYSE:UI
VTEB,ARCA:VTEB
DIA,ARCA:DIA
HSY,NYSE:HSY
TEAM,NasdaqGS:TEAM
VCSH,NasdaqGM:VCSH
SYY,NYSE:SYY
BSV,ARCA:BSV
ROK,NYSE:ROK
FMCC,OTCPK:FMCC
HEI,NYSE:HEI
MUB,ARCA:MUB
RDDT,NYSE:RDDT
DFAC,ARCA:DFAC
IEF,NasdaqGM:IEF
MLM,NYSE:MLM
CHTR,NasdaqGS:CHTR
GWO.TO,TSX:GWO
SCHB,ARCA:SCHB
HIG,NYSE:HIG
CCL,NYSE:CCL
DAL,NYSE:DAL
AU,NYSE:AU
CAH,NYSE:CAH
CCO.TO,TSX:CCO
PRU,NYSE:PRU
XYL,NYSE:XYL
WEC,NYSE:WEC
LYV,NYSE:LYV
DOL.TO,TSX:DOL
XLV,ARCA:XLV
OTIS,NYSE:OTIS
CSGP,NasdaqGS:CSGP
MCHP,NasdaqGS:MCHP
ED,NYSE:ED
IQV,NYSE:IQV
KDP,NasdaqGS:KDP
LVS,NYSE:LVS
EQT,NYSE:EQT
GEHC,NasdaqGS:GEHC
PCG,NYSE:PCG
TRGP,NYSE:TRGP
FIS,NYSE:FIS
VICI,NYSE:VICI
VRSK,NasdaqGS:VRSK
DGRO,ARCA:DGRO
IFC.TO,TSX:IFC
PHYM.F,OTCPK:PHYM.F
WAB,NYSE:WAB
JPST,ARCA:JPST
HUM,NYSE:HUM
VG,NYSE:VG
WTW,NasdaqGS:WTW
SLF.TO,TSX:SLF
VGIT,NasdaqGM:VGIT
ACGL,NasdaqGS:ACGL
CRCL,NYSE:CRCL
ARES,NYSE:ARES
DD,NYSE:DD
ALAB,NasdaqGS:ALAB
IR,NYSE:IR
RJF,NYSE:RJF
INSM,NasdaqGS:INSM
IUSB,NasdaqGM:IUSB
CTSH,NasdaqGS:CTSH
STT,NYSE:STT
LEN,NYSE:LEN
SMH,NasdaqGM:SMH
VONG,NasdaqGM:VONG
HPE,NYSE:HPE
NRG,NYSE:NRG
NBIS,NasdaqGS:NBIS
EL,NYSE:EL
NUE,NYSE:NUE
VTR,NYSE:VTR
IBKR,NasdaqGS:IBKR
BRO,NYSE:BRO
MGK,ARCA:MGK
JEPQ,NasdaqGM:JEPQ
IRM,NYSE:IRM
SPDW,ARCA:SPDW
SMCI,NasdaqGS:SMCI
UAL,NasdaqGS:UAL
KHC,NasdaqGS:KHC
CVE.TO,TSX:CVE
K.TO,TSX:K
MTB,NYSE:MTB
KVUE,NYSE:KVUE
EXR,NYSE:EXR
SOFI,NasdaqGS:SOFI
SPYV,ARCA:SPYV
KEYS,NYSE:KEYS
VGK,ARCA:VGK
ODFL,NasdaqGS:ODFL
TSCO,NasdaqGS:TSCO
FITB,NasdaqGS:FITB
ADM,NYSE:ADM
EFX,NYSE:EFX
EME,NYSE:EME
WRB,NYSE:WRB
DTE,NYSE:DTE
GOVT,BATS:GOVT
NTR.TO,TSX:NTR
FIX,NYSE:FIX
K,NYSE:K
PSTG,NYSE:PSTG
ROL,NYSE:ROL
AEE,NYSE:AEE
TQQQ,NasdaqGM:TQQQ
LQD,ARCA:LQD
AWK,NYSE:AWK
OEF,ARCA:OEF
TDY,NYSE:TDY
BR,NYSE:BR
ATO,NYSE:ATO
POW.TO,TSX:POW
RKLB,NasdaqCM:RKLB
PHM,NYSE:PHM
PPL,NYSE:PPL
EXPE,NasdaqGS:EXPE
AVB,NYSE:AVB
EFV,BATS:EFV
MTD,NYSE:MTD
ES,NYSE:ES
CLS.TO,TSX:CLS
GIS,NYSE:GIS
VIK,NYSE:VIK
XLE,ARCA:XLE
XLC,ARCA:XLC
VLTO,NYSE:VLTO
FE,NYSE:FE
SYF,NYSE:SYF
DXCM,NasdaqGS:DXCM
FOXA,NasdaqGS:FOXA
MDB,NasdaqGM:MDB
FWON.K,NasdaqGS:FWON.K
FIG,NYSE:FIG
WSP.TO,TSX:WSP
JAAA,ARCA:JAAA
BIV,ARCA:BIV
CINF,NasdaqGS:CINF
EXE,NasdaqGS:EXE
VRSN,NasdaqGS:VRSN
USHY,BATS:USHY
CNP,NYSE:CNP
IUSG,NasdaqGM:IUSG
NTRS,NasdaqGS:NTRS
HBAN,NasdaqGS:HBAN
FTS.TO,TSX:FTS
TTD,NasdaqGM:TTD
LPLA,NasdaqGS:LPLA
GRAB,NasdaqGS:GRAB
LDOS,NYSE:LDOS
STZ,NYSE:STZ
CBOE,BATS:CBOE
FBTC,BATS:FBTC
ULTA,NasdaqGS:ULTA
IP,NYSE:IP
HPQ,NYSE:HPQ
CRDO,NasdaqGS:CRDO
IYW,ARCA:IYW
CYBR,NasdaqGS:CYBR
FSLR,NasdaqGS:FSLR
MKL,NYSE:MKL
XLY,ARCA:XLY
PPL.TO,TSX:PPL
AFRM,NasdaqGS:AFRM
PTC,NasdaqGS:PTC
WSM,NYSE:WSM
ZM,NasdaqGS:ZM
EQR,NYSE:EQR
SLV,ARCA:SLV
T.TO,TSX:T
SHY,NasdaqGM:SHY
STE,NYSE:STE
MDY,ARCA:MDY
HUBS,NYSE:HUBS
TPR,NYSE:TPR
NTAP,NasdaqGS:NTAP
PPG,NYSE:PPG
RF,NYSE:RF
XLI,ARCA:XLI
NVR,NYSE:NVR
TW,NasdaqGS:TW
BIIB,NasdaqGS:BIIB
WN.TO,TSX:WN
USMV,BATS:USMV
CFG,NYSE:CFG
TER,NasdaqGS:TER
ACWI,NasdaqGM:ACWI
VGSH,NasdaqGM:VGSH
IUSV,NasdaqGM:IUSV
LH,NYSE:LH
NTRA,NasdaqGS:NTRA
CG,NasdaqGS:CG
QSP.UN.TO,TSX:QSP.UN
DOV,NYSE:DOV
CGDV,ARCA:CGDV
IDEV,ARCA:IDEV
TROW,NasdaqGS:TROW
FCNC.A,NasdaqGS:FCNC.A
DRI,NYSE:DRI
QSR,NYSE:QSR
GDX,ARCA:GDX
IOT,NYSE:IOT
SATS,NasdaqGS:SATS
DG,NYSE:DG
HUBB,NYSE:HUBB
DVN,NYSE:DVN
AER,NYSE:AER
SW,NYSE:SW
IONQ,NYSE:IONQ
BCE.TO,TSX:BCE
PODD,NasdaqGS:PODD
TYL,NYSE:TYL
TPL,NYSE:TPL
PINS,NYSE:PINS
GBTC,ARCA:GBTC
JBL,NYSE:JBL
COWZ,BATS:COWZ
CMS,NYSE:CMS
CHKP,NasdaqGS:CHKP
XLU,ARCA:XLU
SSNC,NasdaqGS:SSNC
IGSB,NasdaqGM:IGSB
CHD,NYSE:CHD
H.TO,TSX:H
CIEN,NYSE:CIEN
TOST,NYSE:TOST
STLD,NasdaqGS:STLD
GPN,NYSE:GPN
GLDM,ARCA:GLDM
EIX,NYSE:EIX
FBND,ARCA:FBND
BE,NYSE:BE
BAP,NYSE:BAP
CASY,NasdaqGS:CASY
L,NYSE:L
TECK.B.TO,TSX:TECK.B
DYNF,ARCA:DYNF
FLEX,NasdaqGS:FLEX
DVY,NasdaqGM:DVY
PSKY,NasdaqGS:PSKY
CDW,NasdaqGS:CDW
LULU,NasdaqGS:LULU
IWP,ARCA:IWP
VOOG,ARCA:VOOG
HAL,NYSE:HAL
FNDX,ARCA:FNDX
VHT,ARCA:VHT
NI,NYSE:NI
SBAC,NasdaqGS:SBAC
EEM,ARCA:EEM
SHV,NasdaqGM:SHV
UTHR,NasdaqGS:UTHR
NTNX,NasdaqGS:NTNX
KEY,NYSE:KEY
CPAY,NYSE:CPAY
SDY,ARCA:SDY
CW,NYSE:CW
GIB.A.TO,TSX:GIB.A
IHPC.F,OTCPK:IHPC.F
ON,NasdaqGS:ON
RBA,NYSE:RBA
DGX,NYSE:DGX
TLN,NasdaqGS:TLN
ZBH,NYSE:ZBH
GFS,NasdaqGS:GFS
WST,NYSE:WST
WAT,NYSE:WAT
BNT,NYSE:BNT
RL,NYSE:RL
IT,NYSE:IT
TSN,NYSE:TSN
GWRE,NYSE:GWRE
GPC,NYSE:GPC
LII,NYSE:LII
VOE,ARCA:VOE
MTUM,BATS:MTUM
TRMB,NasdaqGS:TRMB
FM.TO,TSX:FM
PKG,NYSE:PKG
APTV,NYSE:APTV
SCHA,ARCA:SCHA
VFV.TO,TSX:VFV
AS,NYSE:AS
CNC,NYSE:CNC
RCI.B.TO,TSX:RCI.B
AMCR,NYSE:AMCR
AVUV,ARCA:AVUV
OKLO,NYSE:OKLO
PFG,NasdaqGS:PFG
SNDK,NasdaqGS:SNDK
AVAV,NasdaqGS:AVAV
GDDY,NYSE:GDDY
FFIV,NasdaqGS:FFIV
DKS,NYSE:DKS
MKC,NYSE:MKC
J,NYSE:J
ZG,NasdaqGS:ZG
VOT,ARCA:VOT
PNR,NYSE:PNR
DLTR,NasdaqGS:DLTR
ASTS,NasdaqGS:ASTS
WY,NYSE:WY
SNA,NYSE:SNA
FNDF,ARCA:FNDF
USFR,ARCA:USFR
THC,NYSE:THC
CTRA,NYSE:CTRA
COHR,NYSE:COHR
SGI,NYSE:SGI
WMG,NasdaqGS:WMG
EVRG,NasdaqGS:EVRG
DFUS,ARCA:DFUS
CRBG,NYSE:CRBG
DKNG,NasdaqGS:DKNG
INVH,NYSE:INVH
ETHA,NasdaqGM:ETHA
FTAI,NasdaqGS:FTAI
RDVY,NasdaqGM:RDVY
BSY,NasdaqGS:BSY
IWV,ARCA:IWV
LNT,NasdaqGS:LNT
USFD,NYSE:USFD
HYG,ARCA:HYG
GEN,NasdaqGS:GEN
LUV,NYSE:LUV
IEI,NasdaqGM:IEI
ACM,NYSE:ACM
BWXT,NYSE:BWXT
FTV,NYSE:FTV
ESS,NYSE:ESS
INCY,NasdaqGS:INCY
FRMI,NasdaqGS:FRMI
GFL.TO,TSX:GFL
DOW,NYSE:DOW
CGGR,ARCA:CGGR
BG,NYSE:BG
EXPD,NYSE:EXPD
MTZ,NYSE:MTZ
TOU.TO,TSX:TOU
NWSA,NasdaqGS:NWSA
ERIE,NasdaqGS:ERIE
RIVN,NasdaqGS:RIVN
PAAS.TO,TSX:PAAS
OKTA,NasdaqGS:OKTA
IGIB,NasdaqGM:IGIB
FTEC,ARCA:FTEC
RBRK,NYSE:RBRK
DGRW,NasdaqGM:DGRW
FNF,NYSE:FNF
SUI,NYSE:SUI
KTOS,NasdaqGS:KTOS
VTIP,NasdaqGM:VTIP
TKO,NYSE:TKO
BBY,NYSE:BBY
BURL,NYSE:BURL
IWY,ARCA:IWY
PFGC,NYSE:PFGC
U,NYSE:U
MAA,NYSE:MAA
CHRW,NasdaqGS:CHRW
IFF,NYSE:IFF
TEM,NasdaqGS:TEM
SMMT,NasdaqGM:SMMT
JBS,NYSE:JBS
LYB,NYSE:LYB
XLP,ARCA:XLP
TWLO,NYSE:TWLO
LUG.TO,TSX:LUG
NVT,NYSE:NVT
ILMN,NasdaqGS:ILMN
WSO,NYSE:WSO
FTI,NYSE:FTI
JOBY,NYSE:JOBY
RPRX,NasdaqGS:RPRX
CHWY,NYSE:CHWY
EWJ,ARCA:EWJ
ZBRA,NasdaqGS:ZBRA
TXT,NYSE:TXT
WWD,NasdaqGS:WWD
VMBS,NasdaqGM:VMBS
KLAR,NYSE:KLAR
YUMC,NYSE:YUMC
EQH,NYSE:EQH
SOXX,NasdaqGM:SOXX
ROKU,NasdaqGS:ROKU
DECK,NYSE:DECK
ALLE,NYSE:ALLE
HOLX,NasdaqGS:HOLX
SPHQ,ARCA:SPHQ
WPC,NYSE:WPC
CELH,NasdaqCM:CELH
XPO,NYSE:XPO
EMB,NasdaqGM:EMB
ICLR,NasdaqGS:ICLR
CLX,NYSE:CLX
TRU,NYSE:TRU
OMC,NYSE:OMC
ESGU,NasdaqGM:ESGU
RPM,NYSE:RPM
EG,NYSE:EG
MEDP,NasdaqGS:MEDP
ENTG,NasdaqGS:ENTG
DT,NYSE:DT
RS,NYSE:RS
USIG,NasdaqGM:USIG
DUOL,NasdaqGS:DUOL
PFF,NasdaqGM:PFF
WHLM.D,OTCPK:WHLM.D
MAS,NYSE:MAS
GSLC,ARCA:GSLC
EWBC,NasdaqGS:EWBC
CF,NYSE:CF
IVN.TO,TSX:IVN
SPEM,ARCA:SPEM
KIM,NYSE:KIM
SPMD,ARCA:SPMD
ULS,NYSE:ULS
ARE,NYSE:ARE
DPZ,NasdaqGS:DPZ
ZSP.TO,TSX:ZSP
SCHP,ARCA:SCHP
SNAP,NYSE:SNAP
MRU.TO,TSX:MRU
APG,NYSE:APG
EMA.TO,TSX:EMA
BBD.B.TO,TSX:BBD.B
AGI.TO,TSX:AGI
BBJP,BATS:BBJP
IWS,ARCA:IWS
ARCC,NasdaqGS:ARCC
BLDR,NYSE:BLDR
XIC.TO,TSX:XIC
HLI,NYSE:HLI
VONV,NasdaqGM:VONV
ITT,NYSE:ITT
GGG,NYSE:GGG
DFIV,ARCA:DFIV
H,NYSE:H
DOCU,NasdaqGS:DOCU
MINT,ARCA:MINT
COO,NasdaqGS:COO
TIP,ARCA:TIP
CSL,NYSE:CSL
JLL,NYSE:JLL
PHYS,ARCA:PHYS
SN,NYSE:SN
MG.TO,TSX:MG
SCHV,ARCA:SCHV
TOL,NYSE:TOL
ONON,NYSE:ONON
IREN,NasdaqGS:IREN
AVEM,ARCA:AVEM
DOCS,NYSE:DOCS
BALL,NYSE:BALL
CNH,NYSE:CNH
QXO,NYSE:QXO
NBIX,NasdaqGS:NBIX
HRL,NYSE:HRL
UNM,NYSE:UNM
XIU.TO,TSX:XIU
DOC,NYSE:DOC
JBHT,NasdaqGS:JBHT
NLY,NYSE:NLY
GLPI,NasdaqGS:GLPI
VTWO,NasdaqGM:VTWO
BF.B,NYSE:BF.B
RGLD,NasdaqGS:RGLD
UHS,NYSE:UHS
SPMO,ARCA:SPMO
IWO,ARCA:IWO
VFH,ARCA:VFH
NDSN,NasdaqGS:NDSN
SAIL,NasdaqGS:SAIL
STIP,ARCA:STIP
FN,NYSE:FN
EMXC,NasdaqGM:EMXC
RGA,NYSE:RGA
LECO,NasdaqGS:LECO
SOXL,ARCA:SOXL
LUN.TO,TSX:LUN
RGTI,NasdaqCM:RGTI
IQLT,ARCA:IQLT
REG,NasdaqGS:REG
MOAT,BATS:MOAT
SNX,NYSE:SNX
BINC,ARCA:BINC
JEF,NYSE:JEF
SPSM,ARCA:SPSM
VYMI,NasdaqGM:VYMI
SOLV,NYSE:SOLV
BAH,NYSE:BAH
AVY,NYSE:AVY
WYNN,NasdaqGS:WYNN
EVR,NYSE:EVR
AVDV,ARCA:AVDV
PULS,ARCA:PULS
MP,NYSE:MP
STN.TO,TSX:STN
IEX,NYSE:IEX
CNA,NYSE:CNA
TLH,ARCA:TLH
LAMR,NasdaqGS:LAMR
EHC,NYSE:EHC
AFG,NYSE:AFG
DFUV,ARCA:DFUV
BEN,NYSE:BEN
SCHM,ARCA:SCHM
CRS,NYSE:CRS
BAX,NYSE:BAX
CLH,NYSE:CLH
RNR,NYSE:RNR
BJ,NYSE:BJ
ALLY,NYSE:ALLY
MANH,NasdaqGS:MANH
BEPC,NYSE:BEPC
OHI,NYSE:OHI
AMH,NYSE:AMH
IWN,ARCA:IWN
UDR,NYSE:UDR
CDE,NYSE:CDE
ATRL.TO,TSX:ATRL
ELS,NYSE:ELS
BXP,NYSE:BXP
SPTL,ARCA:SPTL
DFAI,ARCA:DFAI
VTRS,NasdaqGS:VTRS
HIMS,NYSE:HIMS
ITA,BATS:ITA
MBLY,NasdaqGS:MBLY
DRS,NasdaqGS:DRS
SCI,NYSE:SCI
RBC,NYSE:RBC
DFAT,ARCA:DFAT
SWK,NYSE:SWK
CACI,NYSE:CACI
HDV,ARCA:HDV
DTM,NYSE:DTM
HST,NasdaqGS:HST
ESGV,BATS:ESGV
OC,NYSE:OC
SPTM,ARCA:SPTM
POOL,NasdaqGS:POOL
SJM,NYSE:SJM
SCHR,ARCA:SCHR
DFAS,ARCA:DFAS
NOBL,BATS:NOBL
PAG,NYSE:PAG
SCHE,ARCA:SCHE
W,NYSE:W
FHN,NYSE:FHN
LITE,NasdaqGS:LITE
SWKS,NasdaqGS:SWKS
NXT,NasdaqGS:NXT
SF,NYSE:SF
SCHO,ARCA:SCHO
GME,NYSE:GME
PAYC,NYSE:PAYC
IAGG,BATS:IAGG
ATI,NYSE:ATI
QBTS,NYSE:QBTS
BLD,NYSE:BLD
HII,NYSE:HII
CIBR,NasdaqGM:CIBR
GL,NYSE:GL
CPT,NYSE:CPT
MLI,NYSE:MLI
AKAM,NasdaqGS:AKAM
AIZ,NYSE:AIZ
CCK,NYSE:CCK
MRNA,NasdaqGS:MRNA
NCLH,NYSE:NCLH
TXRH,NasdaqGS:TXRH
WTRG,NYSE:WTRG
ROIV,NasdaqGS:ROIV
WMS,NYSE:WMS
IONS,NasdaqGS:IONS
XLG,ARCA:XLG
ARX.TO,TSX:ARX
MOS,NYSE:MOS
SCZ,NasdaqGM:SCZ
MOH,NYSE:MOH
PCOR,NYSE:PCOR
RVTY,NYSE:RVTY
DAY,NYSE:DAY
KNSL,NYSE:KNSL
DFIC,BATS:DFIC
EXEL,NasdaqGS:EXEL
XEF.TO,TSX:XEF
PNW,NYSE:PNW
SPIB,ARCA:SPIB
RMBS,NasdaqGS:RMBS
EXAS,NasdaqCM:EXAS
IVZ,NYSE:IVZ
AYI,NYSE:AYI
FDS,NYSE:FDS
BMRN,NasdaqGS:BMRN
HAS,NasdaqGS:HAS
JKHY,NasdaqGS:JKHY
STRL,NasdaqGS:STRL
IAG.TO,TSX:IAG
X.TO,TSX:X
OWL,NYSE:OWL
SEIC,NasdaqGS:SEIC
EFN.TO,TSX:EFN
WLK,NYSE:WLK
ORI,NYSE:ORI
WCC,NYSE:WCC
COKE,NasdaqGS:COKE
AGNC,NasdaqGS:AGNC
FRHC,NasdaqCM:FRHC
ESGD,NasdaqGM:ESGD
ALB,NYSE:ALB
AES,NYSE:AES
CR,NYSE:CR
SFM,NasdaqGS:SFM
OVV,NYSE:OVV
AR,NYSE:AR
MGV,ARCA:MGV
AOS,NYSE:AOS
ELAN,NYSE:ELAN
ARMK,NYSE:ARMK
AMLP,ARCA:AMLP
UHAL,NYSE:UHAL
EDV.TO,TSX:EDV
QGEN,NYSE:QGEN
TSLL,NasdaqGM:TSLL
BMNR,NYSEAM:BMNR
BBIO,NasdaqGS:BBIO
SUB,ARCA:SUB
CART,NasdaqGS:CART
SSB,NYSE:SSB
ENSG,NasdaqGS:ENSG
VGLT,NasdaqGM:VGLT
VSS,ARCA:VSS
PEN,NYSE:PEN
SAP.TO,TSX:SAP
QLD,ARCA:QLD
CNM,NYSE:CNM
LSCC,NasdaqGS:LSCC
AUR,NasdaqGS:AUR
KWEB,ARCA:KWEB
DAXX.F,OTCPK:DAXX.F
WBS,NYSE:WBS
EFG,BATS:EFG
VUN.TO,TSX:VUN
MDGL,NasdaqGS:MDGL
DUHP,ARCA:DUHP
AVDE,ARCA:AVDE
AVUS,ARCA:AVUS
REXR,NYSE:REXR
ALV,NYSE:ALV
RRX,NYSE:RRX
TECH,NasdaqGS:TECH
IGV,BATS:IGV
AIT,NYSE:AIT
AVTR,NYSE:AVTR
CCL.B.TO,TSX:CCL.B
ACI,NYSE:ACI
GNRC,NYSE:GNRC
IPG,NYSE:IPG
BWA,NYSE:BWA
LEVI,NYSE:LEVI
PPC,NasdaqGS:PPC
DINO,NYSE:DINO
PAVE,BATS:PAVE
DFAX,ARCA:DFAX
DDS,NYSE:DDS
PVF.UN.TO,TSXV:PVF.UN
KRMN,NYSE:KRMN
XSP.TO,TSX:XSP
ALGN,NasdaqGS:ALGN
DCI,NYSE:DCI
NVMI,NasdaqGS:NVMI
DFAU,ARCA:DFAU
FIGR,NasdaqGS:FIGR
MORN,NasdaqGS:MORN
VDE,ARCA:VDE
CPB,NasdaqGS:CPB
VPU,ARCA:VPU
SPHY,ARCA:SPHY
MTSI,NasdaqGS:MTSI
PEGA,NasdaqGS:PEGA
LINE,NasdaqGS:LINE
BLSH,NYSE:BLSH
OTEX,NasdaqGS:OTEX
MNDY,NasdaqGS:MNDY
WAL,NYSE:WAL
TTAN,NasdaqGS:TTAN
WTS,NYSE:WTS
SPXC,NYSE:SPXC
DVA,NYSE:DVA
IGM,ARCA:IGM
FYBR,NasdaqGS:FYBR
PSN,NYSE:PSN
ALA.TO,TSX:ALA
PR,NYSE:PR
SPTI,ARCA:SPTI
CORT,NasdaqCM:CORT
CUBE,NYSE:CUBE
WCP.TO,TSX:WCP
SCHI,ARCA:SCHI
MKSI,NasdaqGS:MKSI
FVD,ARCA:FVD
LBRD.K,NasdaqGS:LBRD.K
OGE,NYSE:OGE
MGM,NYSE:MGM
ARKK,BATS:ARKK
CAE.TO,TSX:CAE
INDA,BATS:INDA
SFD,NasdaqGS:SFD
TAP,NYSE:TAP
PSLV,ARCA:PSLV
CAG,NYSE:CAG
AM,NYSE:AM
XP,NasdaqGS:XP
IJK,ARCA:IJK
EGP,NYSE:EGP
ZCN.TO,TSX:ZCN
RRC,NYSE:RRC
ESTC,NYSE:ESTC
GIL.TO,TSX:GIL
PBUS,BATS:PBUS
TIH.TO,TSX:TIH
UMBF,NasdaqGS:UMBF
CMA,NYSE:CMA
NYT,NYSE:NYT
SCHZ,ARCA:SCHZ
JIRE,ARCA:JIRE
DOX,NasdaqGS:DOX
VIGI,NasdaqGM:VIGI
PRI,NYSE:PRI
ONEQ,NasdaqGM:ONEQ
GTLS,NYSE:GTLS
QS,NYSE:QS
BBCA,BATS:BBCA
MMYT,NasdaqGS:MMYT
FNDA,ARCA:FNDA
SDVY,NasdaqGM:SDVY
APPF,NasdaqGM:APPF
WFHG,OTCPK:WFHG
LYFT,NasdaqGS:LYFT
CAI,NasdaqGS:CAI
AA,NYSE:AA
SARO,NYSE:SARO
FLOT,BATS:FLOT
TTEK,NasdaqGS:TTEK
NTSK,NasdaqGS:NTSK
TOI.TO,TSXV:TOI
APA,NasdaqGS:APA
ATR,NYSE:ATR
LW,NYSE:LW
IDCC,NasdaqGS:IDCC
RVMD,NasdaqGS:RVMD
WTFC,NasdaqGS:WTFC
CRL,NYSE:CRL
IGM.TO,TSX:IGM
ONB,NasdaqGS:ONB
SPAB,ARCA:SPAB
QRVO,NasdaqGS:QRVO
TPG,NasdaqGS:TPG
FIVE,NasdaqGS:FIVE
FSV.TO,TSX:FSV
MGC,ARCA:MGC
PCTY,NasdaqGS:PCTY
MCHI,NasdaqGM:MCHI
EPAM,NYSE:EPAM
FRT,NYSE:FRT
AWI,NYSE:AWI
BPOP,NasdaqGS:BPOP
GDXJ,ARCA:GDXJ
FTCS,NasdaqGM:FTCS
BIRK,NYSE:BIRK
JAZZ,NasdaqGS:JAZZ
AN,NYSE:AN
RGC,NasdaqCM:RGC
WIX,NasdaqGS:WIX
PLNT,NYSE:PLNT
IGF,NasdaqGM:IGF
OSK,NYSE:OSK
ZION,NasdaqGS:ZION
SCHH,ARCA:SCHH
ZAG.TO,TSX:ZAG
RGEN,NasdaqGS:RGEN
VCN.TO,TSX:VCN
AVLV,ARCA:AVLV
PRF,ARCA:PRF
DY,NYSE:DY
VLUE,BATS:VLUE
EQX.TO,TSX:EQX
MTCH,NasdaqGS:MTCH
PRMB,NYSE:PRMB
JNK,ARCA:JNK
LLYV.K,NasdaqGS:LLYV.K
BRX,NYSE:BRX
LAD,NYSE:LAD
DBEF,ARCA:DBEF
EMP.A.TO,TSX:EMP.A
DFCF,ARCA:DFCF
GMED,NYSE:GMED
BIO,NYSE:BIO
QYLD,NasdaqGM:QYLD
CFR,NYSE:CFR
TSEM,NasdaqGS:TSEM
HSIC,NasdaqGS:HSIC
BOXX,BATS:BOXX
AGCO,NYSE:AGCO
PYLD,ARCA:PYLD
EZU,BATS:EZU
NNN,NYSE:NNN
DSG.TO,TSX:DSG
LKQ,NasdaqGS:LKQ
HALO,NasdaqGS:HALO
OLLI,NasdaqGM:OLLI
IJJ,ARCA:IJJ
TIGO,NasdaqGS:TIGO
ICL,NYSE:ICL
MHK,NYSE:MHK
AAON,NasdaqGS:AAON
CVLT,NasdaqGS:CVLT
SPSB,ARCA:SPSB
SITM,NasdaqGM:SITM
GAP,NYSE:GAP
NFG,NYSE:NFG
MASI,NasdaqGS:MASI
ELF,NYSE:ELF
HL,NYSE:HL
ZEA.TO,TSX:ZEA
NEU,NYSE:NEU
DBX,NasdaqGS:DBX
FND,NYSE:FND
CTRE,NYSE:CTRE
CIGI.TO,TSX:CIGI
COLB,NasdaqGS:COLB
SAIA,NasdaqGS:SAIA
SRAD,NasdaqGS:SRAD
CBSH,NasdaqGS:CBSH
R,NYSE:R
XLRE,ARCA:XLRE
VNO,NYSE:VNO
FNDE,ARCA:FNDE
ZWS,NYSE:ZWS
SIRI,NasdaqGS:SIRI
GH,NasdaqGS:GH
GTLB,NasdaqGS:GTLB
ADC,NYSE:ADC
SPLV,ARCA:SPLV
LNC,NYSE:LNC
VMI,NYSE:VMI
JGRO,ARCA:JGRO
SSO,ARCA:SSO
CGNX,NasdaqGS:CGNX
KVYO,NYSE:KVYO
LMN.TO,TSXV:LMN
CHYM,NasdaqGS:CHYM
INGR,NYSE:INGR
VCLT,NasdaqGM:VCLT
MOD,NYSE:MOD
KEY.TO,TSX:KEY
VFS,NasdaqGS:VFS
FDN,ARCA:FDN
CPX.TO,TSX:CPX
XEQT.TO,TSX:XEQT
AAL,NasdaqGS:AAL
IMG.TO,TSX:IMG
BUFR,BATS:BUFR
HQY,NasdaqGS:HQY
MUSA,NYSE:MUSA
EXP,NYSE:EXP
LCID,NasdaqGS:LCID
IESC,NasdaqGM:IESC
INFA,NYSE:INFA
CGGO,ARCA:CGGO
CU.TO,TSX:CU
TFII.TO,TSX:TFII
JBTM,NYSE:JBTM
TTC,NYSE:TTC
PDI,NYSE:PDI
CGUS,ARCA:CGUS
ACHR,NYSE:ACHR
SHYG,ARCA:SHYG
IOO,ARCA:IOO
OR.TO,TSX:OR
QBR.A.TO,TSX:QBR.A
RYAN,NYSE:RYAN
SPYD,ARCA:SPYD
PRIM,NYSE:PRIM
AXS,NYSE:AXS
WAY,NasdaqGS:WAY
JQUA,ARCA:JQUA
LOAR,NYSE:LOAR
CAVA,NYSE:CAVA
JGLO,NasdaqGM:JGLO
EMN,NYSE:EMN
CGG.TO,TSX:CGG
SOUN,NasdaqGM:SOUN
AMKR,NasdaqGS:AMKR
ADT,NYSE:ADT
XUS.TO,TSX:XUS
VOYA,NYSE:VOYA
APLD,NasdaqGS:APLD
JXN,NYSE:JXN
ALSN,NYSE:ALSN
CEF.TO,TSX:CEF
VDC,ARCA:VDC
BOKF,NasdaqGS:BOKF
FSS,NYSE:FSS
RIOT,NasdaqCM:RIOT
PNFP,NasdaqGS:PNFP
G,NYSE:G
ETSY,NasdaqGS:ETSY
FDVV,ARCA:FDVV
IDA,NYSE:IDA
MRUS,NasdaqGM:MRUS
ESAB,NYSE:ESAB
STWD,NYSE:STWD
SSD,NYSE:SSD
AL,NYSE:AL
JHG,NYSE:JHG
SGHC,NYSE:SGHC
STVN,NYSE:STVN
FXI,ARCA:FXI
LNW,NasdaqGS:LNW
ROAD,NasdaqGS:ROAD
DFAE,ARCA:DFAE
ONTO,NYSE:ONTO
CADE,NYSE:CADE
WING,NasdaqGS:WING
MIDD,NasdaqGS:MIDD
SYM,NasdaqGM:SYM
BULL,NasdaqCM:BULL
UGI,NYSE:UGI
CFLT,NasdaqGS:CFLT
KD,NYSE:KD
ACWX,NasdaqGM:ACWX
FLR,NYSE:FLR
MARA,NasdaqCM:MARA
SRLN,ARCA:SRLN
JCPB,BATS:JCPB
EXLS,NasdaqGS:EXLS
VONE,NasdaqGM:VONE
BYD,NYSE:BYD
AMG,NYSE:AMG
FLS,NYSE:FLS
CS.TO,TSX:CS
AHR,NYSE:AHR
PATH,NYSE:PATH
ATZ.TO,TSX:ATZ
FR,NYSE:FR
OLED,NasdaqGS:OLED
QMMM,NasdaqCM:QMMM
DLB,NYSE:DLB
VIS,ARCA:VIS
CYTK,NasdaqGS:CYTK
KMX,NYSE:KMX
MSA,NYSE:MSA
IEUR,ARCA:IEUR
RWL,ARCA:RWL
STAG,NYSE:STAG
SNV,NYSE:SNV
IJS,ARCA:IJS
RNA,NasdaqGM:RNA
CTC.A.TO,TSX:CTC.A
FCFS,NasdaqGS:FCFS
LUMN,NYSE:LUMN
CHDN,NasdaqGS:CHDN
KNX,NYSE:KNX
PPA,ARCA:PPA
BTO.TO,TSX:BTO
TMHC,NYSE:TMHC
EWT,ARCA:EWT
BKLN,ARCA:BKLN
OTF,NYSE:OTF
OMF,NYSE:OMF
VEQT.TO,TSX:VEQT
VRNS,NasdaqGS:VRNS
GTES,NYSE:GTES
HRB,NYSE:HRB
VNOM,NasdaqGS:VNOM
MOG.A,NYSE:MOG.A
IBP,NYSE:IBP
RYTM,NasdaqGM:RYTM
THG,NYSE:THG
TFLO,ARCA:TFLO
CMC,NYSE:CMC
AEIS,NasdaqGS:AEIS
FAF,NYSE:FAF
URBN,NasdaqGS:URBN
HEFA,BATS:HEFA
CRUS,NasdaqGS:CRUS
ESI,NYSE:ESI
OBDC,NYSE:OBDC
DFEM,ARCA:DFEM
CHE,NYSE:CHE
JMBS,ARCA:JMBS
VCR,ARCA:VCR
LFUS,NasdaqGS:LFUS
BROS,NYSE:BROS
REZI,NYSE:REZI
SGOL,ARCA:SGOL
IXN,ARCA:IXN
SPMB,ARCA:SPMB
MKTX,NasdaqGS:MKTX
PFSI,NYSE:PFSI
ICSH,BATS:ICSH
FBIN,NYSE:FBIN
ABTC,NasdaqCM:ABTC
MTG,NYSE:MTG
GBIL,ARCA:GBIL
GLXY,NasdaqGS:GLXY
AMTM,NYSE:AMTM
CLF,NYSE:CLF
IJT,NasdaqGM:IJT
LPX,NYSE:LPX
HR,NYSE:HR
CRK,NYSE:CRK
GATX,NYSE:GATX
ARW,NYSE:ARW
LEU,NYSEAM:LEU
PB,NYSE:PB
SMTC,NasdaqGS:SMTC
IBB,NasdaqGM:IBB
STUB,NYSE:STUB
HBM.TO,TSX:HBM
WH,NYSE:WH
FPE,ARCA:FPE
XBI,ARCA:XBI
FTT.TO,TSX:FTT
AIQ,NasdaqGM:AIQ
LRN,NYSE:LRN
FTSM,NasdaqGM:FTSM
BAI,ARCA:BAI
CRSP,NasdaqGM:CRSP
ORA,NYSE:ORA
GXO,NYSE:GXO
TFPM.TO,TSX:TFPM
UEC,NYSEAM:UEC
XBB.TO,TSX:XBB
TTMI,NasdaqGS:TTMI
AXTA,NYSE:AXTA
KBR,NYSE:KBR
CCCS,NasdaqGS:CCCS
URTH,ARCA:URTH
NXST,NasdaqGS:NXST
SANM,NasdaqGS:SANM
BXSL,NYSE:BXSL
VNT,NYSE:VNT
NUVL,NasdaqGS:NUVL
DFY.TO,TSX:DFY
ARTG.TO,TSXV:ARTG
GNTX,NasdaqGS:GNTX
BFAM,NYSE:BFAM
SOBO.TO,TSX:SOBO
PIPR,NYSE:PIPR
ESNT,NYSE:ESNT
ONEX.TO,TSX:ONEX
LOPE,NasdaqGS:LOPE
JMTG,ARCA:JMTG
S,NYSE:S
AXSM,NasdaqGM:AXSM
GLBE,NasdaqGS:GLBE
TXNM,NYSE:TXNM
TBIL,NasdaqGM:TBIL
TRNO,NYSE:TRNO
LTH,NYSE:LTH
RDNT,NasdaqGM:RDNT
OPEN,NasdaqGS:OPEN
VLY,NasdaqGS:VLY
BOND,NYSE:BOND
VFC,NYSE:VFC
RLI,NYSE:RLI
AG.TO,TSX:AG
ELD.TO,TSX:ELD
IDV,BATS:IDV
SPXL,ARCA:SPXL
EPRT,NYSE:EPRT
EWY,ARCA:EWY
BBIN,BATS:BBIN
RITM,NYSE:RITM
CGCP,ARCA:CGCP
BTC,ARCA:BTC
TCAF,ARCA:TCAF
FNB,NYSE:FNB
POST,NYSE:POST
CWST,NasdaqGS:CWST
VUSB,BATS:VUSB
FDL,ARCA:FDL
MAT,NasdaqGS:MAT
NGD.TO,TSX:NGD
BTSG,NasdaqGS:BTSG
TFX,NYSE:TFX
CIFR,NasdaqGS:CIFR
BLV,ARCA:BLV
VGRO.TO,TSX:VGRO
OZK,NasdaqGS:OZK
SCR.TO,TSX:SCR
VOOV,ARCA:VOOV
BBUS,BATS:BBUS
ARKB,BATS:ARKB
SPTS,ARCA:SPTS
SLM,NasdaqGS:SLM
THO,NYSE:THO
GPK,NYSE:GPK
ITRI,NasdaqGS:ITRI
EWZ,ARCA:EWZ
GBCI,NYSE:GBCI
SITE,NYSE:SITE
GPI,NYSE:GPI
ALK,NYSE:ALK
CZR,NasdaqGS:CZR
RHP,NYSE:RHP
NVDL,NasdaqGM:NVDL
TREX,NYSE:TREX
SWX,NYSE:SWX
IRTC,NasdaqGS:IRTC
CHRD,NasdaqGS:CHRD
MTN,NYSE:MTN
EAT,NYSE:EAT
MAIN,NYSE:MAIN
AIRR,NasdaqGM:AIRR
FROG,NasdaqGS:FROG
BRKR,NasdaqGS:BRKR
KBWB,NasdaqGM:KBWB
MTDR,NYSE:MTDR
HLNE,NasdaqGS:HLNE
VOX,ARCA:VOX
OSCR,NYSE:OSCR
MSGS,NYSE:MSGS
SPYI,BATS:SPYI
ESGE,NasdaqGM:ESGE
PCVX,NasdaqGS:PCVX
HOMB,NYSE:HOMB
ACIW,NasdaqGS:ACIW
LEA,NYSE:LEA
BBAX,BATS:BBAX
XLB,ARCA:XLB
U.UN.TO,TSX:U.UN
CORZ,NasdaqGS:CORZ
DFSV,ARCA:DFSV
WEX,NYSE:WEX
MTSR,NasdaqGS:MTSR
CACC,NasdaqGS:CACC
CAR,NasdaqGS:CAR
LMBS,NasdaqGM:LMBS
DLN,ARCA:DLN
ACT,NasdaqGS:ACT
BILL,NYSE:BILL
FELC,ARCA:FELC
WFG.TO,TSX:WFG
JPIE,ARCA:JPIE
SEE,NYSE:SEE
PI,NasdaqGS:PI
UFPI,NasdaqGS:UFPI
ESE,NYSE:ESE
BLCO,NYSE:BLCO
SMR,NYSE:SMR
TGTX,NasdaqCM:TGTX
DFSD,ARCA:DFSD
MRP,NYSE:MRP
ATGE,NYSE:ATGE
GSAT,NasdaqGS:GSAT
BBWI,NYSE:BBWI
SMBS,ARCA:SMBS
BMI,NYSE:BMI
TKR,NYSE:TKR
VSGX,BATS:VSGX
MTH,NYSE:MTH
KRYS,NasdaqGS:KRYS
HWC,NasdaqGS:HWC
GUNR,ARCA:GUNR
URA,ARCA:URA
EFAV,BATS:EFAV
FOUR,NYSE:FOUR
SNEX,NasdaqGS:SNEX
THRO,ARCA:THRO
XMHQ,ARCA:XMHQ
DIVO,ARCA:DIVO
STEP,NasdaqGS:STEP
UBSI,NasdaqGS:UBSI
ALGM,NasdaqGS:ALGM
BOOT,NYSE:BOOT
QQQI,NasdaqGM:QQQI
PTCT,NasdaqGS:PTCT
REYN,NasdaqGS:REYN
CAMT,NasdaqGM:CAMT
INGM,NYSE:INGM
MIR,NYSE:MIR
FRO,NYSE:FRO
HXL,NYSE:HXL
MMS,NYSE:MMS
MEG.TO,TSX:MEG
VIU.TO,TSX:VIU
BIPC,NYSE:BIPC
ALKS,NasdaqGS:ALKS
MSM,NYSE:MSM
BITB,ARCA:BITB
SHLD,ARCA:SHLD
OGC.TO,TSX:OGC
VWOB,NasdaqGM:VWOB
NOV,NYSE:NOV
AUB,NYSE:AUB
SIGI,NasdaqGS:SIGI
VPL,ARCA:VPL
FCN,NYSE:FCN
MC,NYSE:MC
GHC,NYSE:GHC
DPM.TO,TSX:DPM
CWAN,NYSE:CWAN
ABCB,NYSE:ABCB
HHH,NYSE:HHH
DAR,NYSE:DAR
KRC,NYSE:KRC
NXE.TO,TSX:NXE
MRCY,NasdaqGS:MRCY
GKOS,NYSE:GKOS
FTDR,NasdaqGS:FTDR
UPST,NasdaqGS:UPST
FLG,NYSE:FLG
RAL,NYSE:RAL
ARWR,NasdaqGS:ARWR
MMSI,NasdaqGS:MMSI
ABG,NYSE:ABG
CPA,NYSE:CPA
DSI,ARCA:DSI
FBCG,BATS:FBCG
SCHC,ARCA:SCHC
DOO.TO,TSX:DOO
OMFL,BATS:OMFL
CE,NYSE:CE
SJNK,ARCA:SJNK
WK,NYSE:WK
GRGD.TO,TSX:GRGD
M,NYSE:M
LAZ,NYSE:LAZ
KRG,NYSE:KRG
WULF,NasdaqCM:WULF
UPRO,ARCA:UPRO
SR,NYSE:SR
CUZ,NYSE:CUZ
ETHE,ARCA:ETHE
MCY,NYSE:MCY
ENPH,NasdaqGM:ENPH
AX,NYSE:AX
STNE,NasdaqGS:STNE
NPO,NYSE:NPO
DJT,NasdaqGM:DJT
GMIN.TO,TSX:GMIN
PKI.TO,TSX:PKI
CASH.TO,TSX:CASH
DORM,NasdaqGS:DORM
IAUM,ARCA:IAUM
IEP,NasdaqGS:IEP
CHH,NYSE:CHH
BCO,NYSE:BCO
OGS,NYSE:OGS
GVA,NYSE:GVA
FFIN,NasdaqGS:FFIN
FEZ,ARCA:FEZ
NE,NYSE:NE
SSRM.TO,TSX:SSRM
QLYS,NasdaqGS:QLYS
POR,NYSE:POR
GOLF,NYSE:GOLF
RDN,NYSE:RDN
NJR,NYSE:NJR
ACLX,NasdaqGS:ACLX
WFRD,NasdaqGS:WFRD
PL,NYSE:PL
JMST,BATS:JMST
BCPC,NasdaqGS:BCPC
CWB,ARCA:CWB
SCHK,ARCA:SCHK
NNI,NYSE:NNI
TMF,ARCA:TMF
DIHP,BATS:DIHP
WTM,NYSE:WTM
SAIC,NasdaqGS:SAIC
BDC,NYSE:BDC
EEMV,BATS:EEMV
FENI,ARCA:FENI
BOX,NYSE:BOX
PVAL,ARCA:PVAL
CNX,NYSE:CNX
XMMO,ARCA:XMMO
GSIE,ARCA:GSIE
MZTI,NasdaqGS:MZTI
CALF,BATS:CALF
CROX,NasdaqGS:CROX
KEX,NYSE:KEX
CAR.UN.TO,TSX:CAR.UN
VFLO,NasdaqGM:VFLO
ZETA,NYSE:ZETA
QUBT,NasdaqCM:QUBT
KTB,NYSE:KTB
SLGN,NYSE:SLGN
CNR,NYSE:CNR
NPI.TO,TSX:NPI
PAAA,ARCA:PAAA
MAC,NYSE:MAC
SPR,NYSE:SPR
CLBT,NasdaqGS:CLBT
VVV,NYSE:VVV
PDBC,NasdaqGM:PDBC
XAR,ARCA:XAR
TDS,NYSE:TDS
SHC,NasdaqGS:SHC
ACA,NYSE:ACA
EUFN,NasdaqGM:EUFN
ST,NYSE:ST
CVCO,NasdaqGS:CVCO
HESM,NYSE:HESM
PLUG,NasdaqCM:PLUG
ISTB,NasdaqGM:ISTB
FELG,ARCA:FELG
CALM,NasdaqGS:CALM
CLSK,NasdaqCM:CLSK
WHR,NYSE:WHR
OPCH,NasdaqGS:OPCH
JHMM,ARCA:JHMM
AQN.TO,TSX:AQN
BKLC,ARCA:BKLC
CSH.UN.TO,TSX:CSH.UN
SFBS,NYSE:SFBS
CRC,NYSE:CRC
AROC,NYSE:AROC
RUN,NasdaqGS:RUN
BRBR,NYSE:BRBR
SLAB,NasdaqGS:SLAB
BKH,NYSE:BKH
MGY,NYSE:MGY
AD,NYSE:AD
EPR,NYSE:EPR
VCTR,NasdaqGS:VCTR
COMP,NYSE:COMP
PJT,NYSE:PJT
NIQ,NYSE:NIQ
PSK.TO,TSX:PSK
BGC,NasdaqGS:BGC
SBRA,NasdaqGS:SBRA
MUR,NYSE:MUR
LAUR,NasdaqGS:LAUR
VAB.TO,TSX:VAB
BC,NYSE:BC
DFLV,ARCA:DFLV
AVT,NasdaqGS:AVT
CBCY,OTCPK:CBCY
SKY,NYSE:SKY
VSAT,NasdaqGS:VSAT
ENS,NYSE:ENS
TA.TO,TSX:TA
MSTY,ARCA:MSTY
FELE,NasdaqGS:FELE
SON,NYSE:SON
IBOC,NasdaqGS:IBOC
KBH,NYSE:KBH
HRI,NYSE:HRI
CGXU,ARCA:CGXU
LSTR,NasdaqGS:LSTR
ASB,NYSE:ASB
JAVA,ARCA:JAVA
BSCQ,NasdaqGM:BSCQ
PECO,NasdaqGS:PECO
GBTG,NYSE:GBTG
HUT,NasdaqGS:HUT
OSIS,NasdaqGS:OSIS
QTWO,NYSE:QTWO
BANF,NasdaqGS:BANF
SLG,NYSE:SLG
IHI,ARCA:IHI
BBEU,BATS:BBEU
CSW,NYSE:CSW
NP,NYSE:NP
FG,NYSE:FG
FSK,NYSE:FSK
FSEC,ARCA:FSEC
USNL,OTCPK:USNL
BSCR,NasdaqGM:BSCR
EAGG,ARCA:EAGG
RYN,NYSE:RYN
SLYV,ARCA:SLYV
KYMR,NasdaqGM:KYMR
DLO,NasdaqGS:DLO
CGMU,ARCA:CGMU
TECL,ARCA:TECL
KNF,NYSE:KNF
BTDR,NasdaqCM:BTDR
RUSH.A,NasdaqGS:RUSH.A
ECG,NYSE:ECG
ACO.X.TO,TSX:ACO.X
NG.TO,TSX:NG
PAY,NYSE:PAY
RSPT,ARCA:RSPT
REI.UN.TO,TSX:REI.UN
MWA,NYSE:MWA
DFIS,BATS:DFIS
IYF,ARCA:IYF
SKYW,NasdaqGS:SKYW
PTGX,NasdaqGM:PTGX
SXT,NYSE:SXT
LMND,NYSE:LMND
FMC,NYSE:FMC
ISRP.F,OTCPK:ISRP.F
HNGE,NYSE:HNGE
LBTY.A,NasdaqGS:LBTY.A
TNL,NYSE:TNL
GLNG,NasdaqGS:GLNG
PVH,NYSE:PVH
ELF.TO,TSX:ELF
SPSC,NasdaqGS:SPSC
IXJ,ARCA:IXJ
DXJ,ARCA:DXJ
AGO,NYSE:AGO
FLY,NasdaqGM:FLY
CSAV.TO,TSX:CSAV
CBT,NYSE:CBT
VERX,NasdaqGM:VERX
INTR,NasdaqGS:INTR
ANF,NYSE:ANF
PGX,ARCA:PGX
NGEX.TO,TSX:NGEX
WSC,NasdaqCM:WSC
HYLB,ARCA:HYLB
TMDX,NasdaqGM:TMDX
RECS,ARCA:RECS
SIG,NYSE:SIG
GRID,NasdaqGM:GRID
REET,ARCA:REET
PLXS,NasdaqGS:PLXS
JMUB,BATS:JMUB
TOTL,ARCA:TOTL
MHO,NYSE:MHO
ALE,NYSE:ALE
SHAK,NYSE:SHAK
AC.TO,TSX:AC
BTU,NYSE:BTU
RH,NYSE:RH
CALX,NYSE:CALX
TCBI,NasdaqGS:TCBI
ZLB.TO,TSX:ZLB
EDV,ARCA:EDV
HGV,NYSE:HGV
SKT,NYSE:SKT
CRNX,NasdaqGS:CRNX
CNO,NYSE:CNO
BILS,ARCA:BILS
UCB,NYSE:UCB
FHI,NYSE:FHI
HWKN,NasdaqGS:HWKN
CXT,NYSE:CXT
EFR.TO,TSX:EFR
SNDR,NYSE:SNDR
IRT,NYSE:IRT
HASI,NYSE:HASI
DON,ARCA:DON
TDIV,NasdaqGM:TDIV
VRRM,NasdaqCM:VRRM
CRVL,NasdaqGS:CRVL
EMLC,ARCA:EMLC
NOVT,NasdaqGS:NOVT
CARG,NasdaqGS:CARG
HXS.TO,TSX:HXS
GVI,BATS:GVI
NHI,NYSE:NHI
TFSL,NasdaqGS:TFSL
FV,NasdaqGM:FV
SIL,ARCA:SIL
CVI,NYSE:CVI
VAL,NYSE:VAL
XT,NasdaqGM:XT
ZAIR.TX,MutualFund:ZAIR.TX
KXS.TO,TSX:KXS
KNG,BATS:KNG
COLD,NYSE:COLD
SSL.TO,TSX:SSL
PSMT,NasdaqGS:PSMT
DISV,BATS:DISV
MENS,NasdaqGM:MENS
DNP,NYSE:DNP
IYR,ARCA:IYR
AKRO,NasdaqGS:AKRO
USLM,NasdaqGS:USLM
GBDC,NasdaqGS:GBDC
ITGR,NYSE:ITGR
AAP,NYSE:AAP
BRC,NYSE:BRC
ACAD,NasdaqGS:ACAD
SUSA,ARCA:SUSA
CWK,NYSE:CWK
POWL,NasdaqGS:POWL
GNW,NYSE:GNW
VSP.TO,TSX:VSP
VTHR,NasdaqGM:VTHR
MIRM,NasdaqGM:MIRM
LNTH,NasdaqGM:LNTH
ATMU,NYSE:ATMU
TXG.TO,TSX:TXG
VIA,NYSE:VIA
KFY,NYSE:KFY
NEAR,BATS:NEAR
MIAX,NYSE:MIAX
KRE,ARCA:KRE
GFF,NYSE:GFF
AGX,NYSE:AGX
MDU,NYSE:MDU
EBC,NasdaqGS:EBC
PII,NYSE:PII
USMC,NasdaqGM:USMC
SRRK,NasdaqGS:SRRK
VNQI,NasdaqGM:VNQI
RIG,NYSE:RIG
SLYG,ARCA:SLYG
AMBA,NasdaqGS:AMBA
ASO,NasdaqGS:ASO
TENB,NasdaqGS:TENB
KAI,NYSE:KAI
IPGP,NasdaqGS:IPGP
BYD.TO,TSX:BYD
MNSH,OTCPK:MNSH
LGND,NasdaqGM:LGND
RRR,NasdaqGS:RRR
NWE,NasdaqGS:NWE
UTG,NYSEAM:UTG
ZMMK.TO,TSX:ZMMK
BNL,NYSE:BNL
PBF,NYSE:PBF
FIZZ,NasdaqGS:FIZZ
HYD,BATS:HYD
EOSE,NasdaqCM:EOSE
CWEN.A,NYSE:CWEN.A
CGBL,ARCA:CGBL
FBP,NYSE:FBP
SBET,NasdaqCM:SBET
NSIT,NasdaqGS:NSIT
TBBK,NasdaqGS:TBBK
HIW,NYSE:HIW
SHM,ARCA:SHM
CHP.UN.TO,TSX:CHP.UN
RNST,NYSE:RNST
PTON,NasdaqGS:PTON
ADMA,NasdaqGM:ADMA
COTY,NYSE:COTY
EEFT,NasdaqGS:EEFT
FIXD,NasdaqGM:FIXD
VDY.TO,TSX:VDY
BRSL,NYSE:BRSL
INDB,NasdaqGS:INDB
NVST,NYSE:NVST
FETH,BATS:FETH
PATK,NasdaqGS:PATK
NAMS,NasdaqGM:NAMS
TEX,NYSE:TEX
CGDG,ARCA:CGDG
OS,NasdaqGS:OS
HOG,NYSE:HOG
RHI,NYSE:RHI
COMM,NasdaqGS:COMM
JBND,NYSE:JBND
GRT.UN.TO,TSX:GRT.UN
ETOR,NasdaqGS:ETOR
PTLC,BATS:PTLC
HELO,ARCA:HELO
SEB,NYSEAM:SEB
XSEM.TO,TSX:XSEM
ODD,NasdaqGM:ODD
DOCN,NYSE:DOCN
WGS,NasdaqGS:WGS
VSEC,NasdaqGS:VSEC
IMTM,ARCA:IMTM
EXPO,NasdaqGS:EXPO
CMF,ARCA:CMF
GNR,ARCA:GNR
QURE,NasdaqGS:QURE
ZHGI.DX,MutualFund:ZHGI.DX
EMLP,ARCA:EMLP
CGMS,ARCA:CGMS
TR,NYSE:TR
HCC,NYSE:HCC
AHL,NYSE:AHL
GRBK,NYSE:GRBK
ULTY,ARCA:ULTY
NEA,NYSE:NEA
MAGS,BATS:MAGS
IBDR,ARCA:IBDR
SBIL,ARCA:SBIL
IBDS,ARCA:IBDS
CNS,NYSE:CNS
HAYW,NYSE:HAYW
FIBK,NasdaqGS:FIBK
OLA.TO,TSX:OLA
OTTR,NasdaqGS:OTTR
VKTX,NasdaqCM:VKTX
FULT,NasdaqGS:FULT
SMG,NYSE:SMG
CATY,NasdaqGS:CATY
MPW,NYSE:MPW
ETHU,BATS:ETHU
DGNX,NasdaqCM:DGNX
HXT.TO,TSX:HXT
GTM,NasdaqGS:GTM
TFI,ARCA:TFI
PZA,ARCA:PZA
RELY,NasdaqGS:RELY
ITB,BATS:ITB
ZEB.TO,TSX:ZEB
HTGC,NYSE:HTGC
VC,NasdaqGS:VC
FRSH,NasdaqGS:FRSH
ZST.TO,TSX:ZST
TPC,NYSE:TPC
ALHC,NasdaqGS:ALHC
ETH,ARCA:ETH
PCH,NasdaqGS:PCH
ACWV,BATS:ACWV
ARX,NYSE:ARX
EAGL,ARCA:EAGL
WNS,NYSE:WNS
LNR.TO,TSX:LNR
PRM,NYSE:PRM
LVHI,BATS:LVHI
SQQQ,NasdaqGM:SQQQ
AMRX,NasdaqGS:AMRX
GPOR,NYSE:GPOR
EVTR,NYSE:EVTR
CDP,NYSE:CDP
AZZ,NYSE:AZZ
NLR,ARCA:NLR
ONDS,NasdaqCM:ONDS
TGNA,NYSE:TGNA
AAXJ,NasdaqGM:AAXJ
EWC,ARCA:EWC
SES.TO,TSX:SES
CIVI,NYSE:CIVI
DEM,ARCA:DEM
INTA,NasdaqGS:INTA
SKYY,NasdaqGM:SKYY
ASAN,NYSE:ASAN
USCA,ARCA:USCA
CPK,NYSE:CPK
NMRK,NasdaqGS:NMRK
IMCG,ARCA:IMCG
SJ.TO,TSX:SJ
TNET,NYSE:TNET
FUL,NYSE:FUL
CNK,NYSE:CNK
AVPT,NasdaqGS:AVPT
SPHD,ARCA:SPHD
PLBL,NasdaqGM:PLBL
WRBY,NYSE:WRBY
QUU.TO,TSX:QUU
MDA.TO,TSX:MDA
BL,NasdaqGS:BL
BXMT,NYSE:BXMT
MATX,NYSE:MATX
USRT,ARCA:USRT
KMPR,NYSE:KMPR
IBDT,ARCA:IBDT
BRZE,NasdaqGS:BRZE
VBIL,NasdaqGM:VBIL
HTFL,NasdaqGS:HTFL
WSBC,NasdaqGS:WSBC
PBH,NYSE:PBH
SLNO,NasdaqCM:SLNO
FBK,NYSE:FBK
UNF,NYSE:UNF
ANGL,NasdaqGM:ANGL
PLMR,NasdaqGS:PLMR
SIVR,ARCA:SIVR
ZCS.TO,TSX:ZCS
TGLS,NYSE:TGLS
CBU,NYSE:CBU
IFRA,BATS:IFRA
BOTZ,NasdaqGM:BOTZ
MYRG,NasdaqGS:MYRG
PRGO,NYSE:PRGO
APAM,NYSE:APAM
CGCB,ARCA:CGCB
CSQ,NasdaqGS:CSQ
KNT.TO,TSX:KNT
PBH.TO,TSX:PBH
XYLD,ARCA:XYLD
FHB,NasdaqGS:FHB
ILCG,ARCA:ILCG
GEI.TO,TSX:GEI
VIOO,ARCA:VIOO
FORM,NasdaqGS:FORM
XENE,NasdaqGM:XENE
YOU,NYSE:YOU
FNDC,ARCA:FNDC
PRKS,NYSE:PRKS
NCNO,NasdaqGS:NCNO
CGON,NasdaqGS:CGON
OUT,NYSE:OUT
IPAR,NasdaqGS:IPAR
BHF,NasdaqGS:BHF
TPH,NYSE:TPH
BITO,ARCA:BITO
NFRA,ARCA:NFRA
PFLE.X,MutualFund:PFLE.X
ICVT,BATS:ICVT
MGEE,NasdaqGS:MGEE
WSFS,NasdaqGS:WSFS
AUGO,NasdaqGS:AUGO
FCR.UN.TO,TSX:FCR.UN
KAR,NYSE:KAR
ICUI,NasdaqGS:ICUI
TMC,NasdaqGS:TMC
CBZ,NYSE:CBZ
UCON,ARCA:UCON
BLKB,NasdaqGS:BLKB
APLS,NasdaqGS:APLS
CNXC,NasdaqGS:CNXC
TBBB,NYSE:TBBB
RARE,NasdaqGS:RARE
AVNT,NYSE:AVNT
AVA,NYSE:AVA
GRNY,ARCA:GRNY
ALTB,OTCPK:ALTB
KGS,NYSE:KGS
MX.TO,TSX:MX
SM,NYSE:SM
IBDU,ARCA:IBDU
PRVA,NasdaqGS:PRVA
ZUE.TO,TSX:ZUE
LRGF,ARCA:LRGF
OLN,NYSE:OLN
MLYS,NasdaqGS:MLYS
GSY,ARCA:GSY
TTAM,NYSE:TTAM
IMVT,NasdaqGS:IMVT
XQQ.TO,TSX:XQQ
MCHB,NasdaqGS:MCHB
IYH,ARCA:IYH
COPX,ARCA:COPX
AGYS,NasdaqGS:AGYS
JPLD,BATS:JPLD
GEF,NYSE:GEF
BSCP,NasdaqGM:BSCP
COLM,NasdaqGS:COLM
VBAL.TO,TSX:VBAL
CAAP,NYSE:CAAP
QTEC,NasdaqGM:QTEC
LIVN,NasdaqGS:LIVN
SEZL,NasdaqCM:SEZL
GEMI,NasdaqGS:GEMI
DSV.TO,TSX:DSV
RNW,NasdaqGS:RNW
NATL,NYSE:NATL
TPU.TO,TSX:TPU
XME,ARCA:XME
RUM,NasdaqGM:RUM
BCC,NYSE:BCC
AIR,NYSE:AIR
TPZ.TO,TSX:TPZ
TTP.TO,TSX:TTP
INDV,NasdaqGS:INDV
MGNI,NasdaqGS:MGNI
BKE,NYSE:BKE
BKU,NYSE:BKU
XUU.TO,TSX:XUU
IVOO,ARCA:IVOO
IWX,ARCA:IWX
AEO,NYSE:AEO
OGN,NYSE:OGN
WD,NYSE:WD
TIC,NYSE:TIC
JOE,NYSE:JOE
KNSA,NasdaqGS:KNSA
ABM,NYSE:ABM
GENI,NYSE:GENI
NMIH,NasdaqGM:NMIH
YETI,NYSE:YETI
VIRT,NYSE:VIRT
GSUS,BATS:GSUS
EWU,ARCA:EWU
MGRC,NasdaqGS:MGRC
ENVA,NYSE:ENVA
BSCS,NasdaqGM:BSCS
VIAV,NasdaqGS:VIAV
VCYT,NasdaqGM:VCYT
APLE,NYSE:APLE
AOR,ARCA:AOR
CQQQ,ARCA:CQQQ
NUGO,ARCA:NUGO
VAW,ARCA:VAW
CRT.UN.TO,TSX:CRT.UN
EXG,NYSE:EXG
BITX,BATS:BITX
EPI,ARCA:EPI
SFNC,NasdaqGS:SFNC
GEO,NYSE:GEO
DFGR,ARCA:DFGR
EIF.TO,TSX:EIF
MFI.TO,TSX:MFI
SRU.UN.TO,TSX:SRU.UN
CENX,NasdaqGS:CENX
FLO,NYSE:FLO
IAC,NasdaqGS:IAC
WOR,NYSE:WOR
LXP,NYSE:LXP
VNLA,ARCA:VNLA
CAKE,NasdaqGS:CAKE
IBDQ,ARCA:IBDQ
XGRO.TO,TSX:XGRO
TARS,NasdaqGS:TARS
ACLS,NasdaqGS:ACLS
FLCB,ARCA:FLCB
JTEK,NasdaqGM:JTEK
KYIV,NasdaqGS:KYIV
DAVE,NasdaqGM:DAVE
FA,NasdaqGS:FA
FVI.TO,TSX:FVI
NICH.X,MutualFund:NICH.X
PAGS,NYSE:PAGS
RXO,NYSE:RXO
IVLU,ARCA:IVLU
AWR,NYSE:AWR
PEY.TO,TSX:PEY
HYMB,ARCA:HYMB
GTX,NasdaqGS:GTX
GRND,NYSE:GRND
NAD,NYSE:NAD
EXTR,NasdaqGS:EXTR
SUPN,NasdaqGM:SUPN
CWT,NYSE:CWT
ADX,NYSE:ADX
SYNA,NasdaqGS:SYNA
BANC,NYSE:BANC
TNA,ARCA:TNA
SGRY,NasdaqGS:SGRY
FLRN,ARCA:FLRN
INTF,ARCA:INTF
SBCF,NasdaqGS:SBCF
SPGP,ARCA:SPGP
INOD,NasdaqGM:INOD
AMSC,NasdaqGS:AMSC
IYY,ARCA:IYY
PENN,NasdaqGS:PENN
ACMR,NasdaqGM:ACMR
QTUM,NasdaqGM:QTUM
BBAI,NYSE:BBAI
CON,NYSE:CON
BB.TO,TSX:BB
STNG,NYSE:STNG
GLOB,NYSE:GLOB
SILJ,ARCA:SILJ
KOMP,ARCA:KOMP
MANU,NYSE:MANU
AI,NYSE:AI
MLPX,ARCA:MLPX
TDW,NYSE:TDW
ZGN,NYSE:ZGN
REVG,NYSE:REVG
SMNR,OTCPK:SMNR
XRAY,NasdaqGS:XRAY
USCL,NasdaqGM:USCL
ATS.TO,TSX:ATS
WDFC,NasdaqGS:WDFC
FAS,ARCA:FAS
JPC,NYSE:JPC
BATR.K,NasdaqGS:BATR.K
PROC.F,OTCPK:PROC.F
AOA,ARCA:AOA
PTY,NYSE:PTY
PMIF.TO,TSX:PMIF
NVG,NYSE:NVG
AKR,NYSE:AKR
XMTR,NasdaqGS:XMTR
CVBF,NasdaqGS:CVBF
CLVT,NYSE:CLVT
DAN,NYSE:DAN
BUR,NYSE:BUR
FHLC,ARCA:FHLC
IGLB,ARCA:IGLB
FRPT,NasdaqGM:FRPT
ALRM,NasdaqGS:ALRM
ALVO,NasdaqGM:ALVO
SAH,NYSE:SAH
DIR.UN.TO,TSX:DIR.UN
BFH,NYSE:BFH
PRFZ,NasdaqGM:PRFZ
TPE.TO,TSX:TPE
PRK,NYSEAM:PRK
QLTY,ARCA:QLTY
DEI,NYSE:DEI
TEC.TO,TSX:TEC
WU,NYSE:WU
CDTX,NasdaqCM:CDTX
BOH,NYSE:BOH
SXI,NYSE:SXI
EQB.TO,TSX:EQB
MTRN,NYSE:MTRN
WHD,NYSE:WHD
UITB,NasdaqGM:UITB
PFS,NYSE:PFS
DRVN,NasdaqGS:DRVN
TDTT,ARCA:TDTT
FLTR,ARCA:FLTR
CPRI,NYSE:CPRI
ALKT,NasdaqGS:ALKT
TOWN,NasdaqGS:TOWN
CPRX,NasdaqCM:CPRX
ARKW,BATS:ARKW
COWG,NasdaqGM:COWG
ZFL.TO,TSX:ZFL
RNG,NYSE:RNG
FCPT,NYSE:FCPT
BEAM,NasdaqGS:BEAM
FESM,ARCA:FESM
USAR,NasdaqGM:USAR
FOLD,NasdaqGM:FOLD
UE,NYSE:UE
DML.TO,TSX:DML
HCI,NYSE:HCI
PTRN,NasdaqGS:PTRN
ACHC,NasdaqGS:ACHC
ZWB.TO,TSX:ZWB
SHOO,NasdaqGS:SHOO
GCOW,BATS:GCOW
FFBC,NasdaqGS:FFBC
ZIPT.MX,MutualFund:ZIPT.MX
SMPL,NasdaqCM:SMPL
CURB,NYSE:CURB
BHC,NYSE:BHC
DXC,NYSE:DXC
SEA.TO,TSX:SEA
ETY,NYSE:ETY
MDYV,ARCA:MDYV
HG,NYSE:HG
UNFI,NYSE:UNFI
DFH,NYSE:DFH
PCT,NasdaqCM:PCT
FELV,ARCA:FELV
SMLF,ARCA:SMLF
DIOD,NasdaqGS:DIOD
OII,NYSE:OII
HBI,NYSE:HBI
GOF,NYSE:GOF
FLIN,ARCA:FLIN
MDYG,ARCA:MDYG
HAE,NYSE:HAE
NOG,NYSE:NOG
BEI.UN.TO,TSX:BEI.UN
XAW.TO,TSX:XAW
PLWN,OTCPK:PLWN
IDYA,NasdaqGS:IDYA
FUN,NYSE:FUN
SAM,NYSE:SAM
COCO,NasdaqGS:COCO
NZF,NYSE:NZF
FNCL,ARCA:FNCL
CC,NYSE:CC
KLMN,ARCA:KLMN
HURN,NasdaqGS:HURN
FTSL,NasdaqGM:FTSL
FLJP,ARCA:FLJP
SPNS,NasdaqGS:SPNS
GDV,NYSE:GDV
IBRX,NasdaqGS:IBRX
SCMB,ARCA:SCMB
RXRX,NasdaqGS:RXRX
SPYX,ARCA:SPYX
ABR,NYSE:ABR
TRMK,NasdaqGS:TRMK
ARQT,NasdaqGS:ARQT
WDO.TO,TSX:WDO
UTF,NYSE:UTF
BBUC,NYSE:BBUC
PRDO,NasdaqGS:PRDO
VAC,NYSE:VAC
HBB.TO,TSX:HBB
ZIC.TO,TSX:ZIC
KNTK,NYSE:KNTK
POU.TO,TSX:POU
ATH.TO,TSX:ATH
GRAL,NasdaqGS:GRAL
WAFD,NasdaqGS:WAFD
PFFD,ARCA:PFFD
IRON,NasdaqGM:IRON
XGD.TO,TSX:XGD
SECT,BATS:SECT
WBTN,NasdaqGS:WBTN
AGIO,NasdaqGS:AGIO
SLQD,NasdaqGM:SLQD
FIH.U.TO,TSX:FIH.U
PPTA.TO,TSX:PPTA
RING,NasdaqGM:RING
ENVX,NasdaqGS:ENVX
AMBP,NYSE:AMBP
XSB.TO,TSX:XSB
BSCT,NasdaqGM:BSCT
HACK,ARCA:HACK
APGE,NasdaqGM:APGE
VSCO,NYSE:VSCO
KWR,NYSE:KWR
ASHR,ARCA:ASHR
INSW,NYSE:INSW
ALG,NYSE:ALG
NSA,NYSE:NSA
PSA.TO,TSX:PSA
FNGU,ARCA:FNGU
IHDG,ARCA:IHDG
CURA.TO,TSX:CURA
CG.TO,TSX:CG
PINC,NasdaqGS:PINC
ZMU.TO,TSX:ZMU
CRGY,NYSE:CRGY
PABU,NasdaqGM:PABU
HP,NYSE:HP
MQ,NasdaqGS:MQ
UPWK,NasdaqGS:UPWK
MH,NYSE:MH
LCII,NYSE:LCII
EYE,NasdaqGS:EYE
PAX,NasdaqGS:PAX
PHO,NasdaqGM:PHO
METC,NasdaqGS:METC
VRP,ARCA:VRP
TRN,NYSE:TRN
SPHR,NYSE:SPHR
INSP,NYSE:INSP
CHEF,NasdaqGS:CHEF
NWL,NasdaqGS:NWL
IHS,NYSE:IHS
DNLI,NasdaqGS:DNLI
NVA.TO,TSX:NVA
MUNI,ARCA:MUNI
PGY,NasdaqCM:PGY
FXO,ARCA:FXO
FTGC,NasdaqGM:FTGC
EDR.TO,TSX:EDR
IEV,ARCA:IEV
CGHM,ARCA:CGHM
EPAC,NYSE:EPAC
ASH,NYSE:ASH
XDIV.TO,TSX:XDIV
APPN,NasdaqGM:APPN
ERO.TO,TSX:ERO
BANR,NasdaqGS:BANR
PK,NYSE:PK
VEE.TO,TSX:VEE
AMR,NYSE:AMR
SRPT,NasdaqGS:SRPT
EWW,ARCA:EWW
TBLL,ARCA:TBLL
PAYO,NasdaqGM:PAYO
HIMU,BATS:HIMU
GT,NasdaqGS:GT
PHIN,NYSE:PHIN
ETNB,NasdaqGM:ETNB
COGT,NasdaqGS:COGT
VICR,NasdaqGS:VICR
AP.UN.TO,TSX:AP.UN
TVTX,NasdaqGM:TVTX
HODL,BATS:HODL
FRME,NasdaqGS:FRME
TVK.TO,TSX:TVK
LAC.TO,TSX:LAC
VSH,NYSE:VSH
ADPT,NasdaqGS:ADPT
HR.UN.TO,TSX:HR.UN
DBRG,NYSE:DBRG
CUBI,NYSE:CUBI
TVE.TO,TSX:TVE
CWI,ARCA:CWI
PXF,ARCA:PXF
CMPO,NYSE:CMPO
NBTB,NasdaqGS:NBTB
SII.TO,TSX:SII
IVT,NYSE:IVT
SPNT,NYSE:SPNT
DCOR,ARCA:DCOR
FBNC,NasdaqGS:FBNC
EBND,ARCA:EBND
ACIO,BATS:ACIO
POWI,NasdaqGS:POWI
MSGE,NYSE:MSGE
IBDV,ARCA:IBDV
CSTM,NYSE:CSTM
SNPE,ARCA:SNPE
ATKR,NYSE:ATKR
HNI,NYSE:HNI
SEDG,NasdaqGS:SEDG
MRX,NasdaqGS:MRX
OSW,NasdaqCM:OSW
RDVI,BATS:RDVI
LFST,NasdaqGS:LFST
CELC,NasdaqCM:CELC
NTLA,NasdaqGM:NTLA
PTEN,NasdaqGS:PTEN
UAA,NYSE:UAA
DBD,NYSE:DBD
WLY,NYSE:WLY
ASGN,NYSE:ASGN
IBTG,NasdaqGM:IBTG
EFSC,NasdaqGS:EFSC
PSIX,NasdaqCM:PSIX
PACS,NYSE:PACS
HDEF,ARCA:HDEF
CXW,NYSE:CXW
NSCB.TO,TSX:NSCB
OUNZ,ARCA:OUNZ
APUE,ARCA:APUE
XSOE,ARCA:XSOE
FUTY,ARCA:FUTY
SBLK,NasdaqGS:SBLK
KLIC,NasdaqGS:KLIC
TSLX,NYSE:TSLX
AAUC.TO,TSX:AAUC
ADNT,NYSE:ADNT
CERT,NasdaqGS:CERT
GUSA,ARCA:GUSA
TDC,NYSE:TDC
HUBG,NasdaqGS:HUBG
LBRT,NYSE:LBRT
SMTH,ARCA:SMTH
HTH,NYSE:HTH
EWG,ARCA:EWG
ADUS,NasdaqGS:ADUS
EVTC,NYSE:EVTC
CLM,NYSEAM:CLM
BLX.TO,TSX:BLX
JPHY,BATS:JPHY
QCN.TO,TSX:QCN
EIT.UN.TO,TSX:EIT.UN
KYN,NYSE:KYN
BDYN,NasdaqGM:BDYN
JMEE,ARCA:JMEE
AVDX,NasdaqGS:AVDX
XEC.TO,TSX:XEC
ATEC,NasdaqGS:ATEC
KN,NYSE:KN
FN.TO,TSX:FN
SVV,NYSE:SVV
BUSE,NasdaqGS:BUSE
HTRB,ARCA:HTRB
WWW,NYSE:WWW
SONO,NasdaqGS:SONO
CRR.UN.TO,TSX:CRR.UN
BWIN,NasdaqGS:BWIN
NUBF.TO,TSX:NUBF
QGRO,ARCA:QGRO
SYBT,NasdaqGS:SYBT
ORBS,NasdaqCM:ORBS
XHLF,ARCA:XHLF
RZLV,NasdaqGM:RZLV
ESML,BATS:ESML
TSPA,ARCA:TSPA
QDEL,NasdaqGS:QDEL
MFH,NasdaqCM:MFH
ARIS.TO,TSX:ARIS
BKV,NYSE:BKV
STC,NYSE:STC
ITM,BATS:ITM
STRA,NasdaqGS:STRA
BBT,NYSE:BBT
SUPX,NasdaqCM:SUPX
FTLS,ARCA:FTLS
SKE.TO,TSX:SKE
ARDT,NYSE:ARDT
NGVT,NYSE:NGVT
YELP,NYSE:YELP
PPLT,ARCA:PPLT
BKAG,ARCA:BKAG
PRCT,NasdaqGM:PRCT
AAAU,BATS:AAAU
